--
-- Generated by mysql-backup4j
-- https://github.com/SeunMatt/mysql-backup4j
-- Date: 6-1-2025 17:54:36
--

/*!40101 SET @OLD_CHARACTER_SET_CLIENT=@@CHARACTER_SET_CLIENT */;
/*!40101 SET NAMES utf8 */;
/*!50503 SET NAMES utf8mb4 */;
/*!40014 SET @OLD_FOREIGN_KEY_CHECKS=@@FOREIGN_KEY_CHECKS, FOREIGN_KEY_CHECKS=0 */;
/*!40101 SET @OLD_SQL_MODE=@@SQL_MODE, SQL_MODE='NO_AUTO_VALUE_ON_ZERO' */;

--
-- start  table dump : Ausstattung
--

CREATE TABLE IF NOT EXISTS `Ausstattung` (
  `id` int NOT NULL AUTO_INCREMENT,
  `raum_id` int DEFAULT NULL,
  `bezeichnung` varchar(100) NOT NULL,
  `beschreibung` varchar(255) DEFAULT NULL,
  `status` enum('funktionstuechtig','ticket_erstellt') CHARACTER SET utf8mb4 COLLATE utf8mb4_0900_ai_ci DEFAULT NULL,
  PRIMARY KEY (`id`),
  KEY `Ausstattung_ibfk_1` (`raum_id`),
  CONSTRAINT `Ausstattung_ibfk_1` FOREIGN KEY (`raum_id`) REFERENCES `Raum` (`id`) ON DELETE RESTRICT ON UPDATE RESTRICT
) ENGINE=InnoDB AUTO_INCREMENT=42 DEFAULT CHARSET=utf8mb4 COLLATE=utf8mb4_0900_ai_ci;



--
-- end  table dump : Ausstattung
--


--
-- Inserts of Ausstattung
--


/*!40000 ALTER TABLE `Ausstattung` DISABLE KEYS */;

--
-- start table insert : Ausstattung
--
INSERT INTO `Ausstattung`(`id`, `raum_id`, `bezeichnung`, `beschreibung`, `status`) VALUES 
(24, 24, 'Beamer', 'Full HD Beamer, farbig', 'funktionstuechtig'),
(28, 32, 'Mikrofon', 'Mikro zum reinschreien', 'funktionstuechtig'),
(29, 32, 'Kamera', 'Full HD USB-C Kamera', 'funktionstuechtig'),
(30, 32, 'Beamer', 'Full HD Beamer Logitech 30.000Lm', 'funktionstuechtig'),
(31, 32, 'Whiteboard', '55 Zoll Whiteboard', 'funktionstuechtig'),
(32, 32, 'Textmarkersammlung', 'Sämtliche Farben', 'funktionstuechtig'),
(33, 32, 'Tshirt', 'mit "Daniel" Aufdruck', 'funktionstuechtig'),
(34, 32, 'Tageslichtprojektor', 'leider keine Angabe ', 'funktionstuechtig'),
(35, 32, 'Mikroskop', '4X Vergrößerung ', 'funktionstuechtig'),
(36, 32, 'HDMI-Kabel', '2m ', 'funktionstuechtig'),
(37, 24, 'Whiteboard', '55 Zoll Whiteboard', 'funktionstuechtig'),
(39, 9, 'Weihnachtsbaum', 'Tannenbaum mit Lichterkette', 'funktionstuechtig'),
(40, 9, 'Ostereier', 'Logeintrag Prüfung', 'funktionstuechtig'),
(41, 9, 'Neue Osterbaum', 'mehr Ausstattung', 'funktionstuechtig');
--
-- end table insert : Ausstattung
--

/*!40000 ALTER TABLE `Ausstattung` ENABLE KEYS */;


--
-- start  table dump : Backup
--

CREATE TABLE IF NOT EXISTS `Backup` (
  `id` bigint NOT NULL AUTO_INCREMENT,
  `speicherort` varchar(255) DEFAULT NULL,
  `groesse` int DEFAULT NULL,
  `erstellt_von` int DEFAULT NULL,
  `datumErstellt` datetime(6) DEFAULT NULL,
  PRIMARY KEY (`id`),
  KEY `erstellt_von` (`erstellt_von`),
  CONSTRAINT `Backup_ibfk_1` FOREIGN KEY (`erstellt_von`) REFERENCES `Benutzer` (`id`)
) ENGINE=InnoDB AUTO_INCREMENT=78 DEFAULT CHARSET=utf8mb4 COLLATE=utf8mb4_0900_ai_ci;



--
-- end  table dump : Backup
--


--
-- Inserts of Backup
--


/*!40000 ALTER TABLE `Backup` DISABLE KEYS */;

--
-- start table insert : Backup
--
INSERT INTO `Backup`(`id`, `speicherort`, `groesse`, `erstellt_von`, `datumErstellt`) VALUES 
(18, '/Users/amrantchagnao/Desktop', 110, 21, '2024-12-22 18:47:30.034717'),
(19, '/Users/amrantchagnao/Downloads', 110, 21, '2024-12-22 18:48:02.734058'),
(20, '/Users/amrantchagnao/Desktop/Test/backup_20241222191419.zip', 1500, 21, '2024-12-22 19:14:20.673928'),
(21, '/Users/amrantchagnao/Desktop/Test/backup_20241222220434.zip', 0, 21, '2024-12-22 22:04:35.398597'),
(22, '/Users/amrantchagnao/Desktop/backup_20241224193810.zip', 17800, 21, '2024-12-24 19:38:13.040051'),
(23, '/Users/amrantchagnao/Desktop/backup_20241224194035.zip', 0, 21, '2024-12-24 19:40:37.354889'),
(24, '/Users/amrantchagnao/Desktop/Test2/backup_20241225002740.zip', 0, 21, '2024-12-25 00:27:41.428355'),
(25, '900/backup_20241226135743.zip', 0, 21, '2024-12-26 13:57:45.311927'),
(26, '/Users/amrantchagnao/Desktop/backup_20241226145356.zip', 0, 21, '2024-12-26 14:53:58.529135'),
(27, '/Users/amrantchagnao/Desktop/Test/backup_20241226150308.zip', 0, 21, '2024-12-26 15:03:10.427697'),
(28, '/Users/amrantchagnao/Desktop/backup_20241226150329.zip', 0, 21, '2024-12-26 15:03:31.244541'),
(29, '/Users/amrantchagnao/Desktop/backup_20241226153441.zip', 0, 21, '2024-12-26 15:34:42.956126'),
(30, '/Users/amrantchagnao/Desktop/backup_20241226153857.zip', 0, 21, '2024-12-26 15:38:59.591948'),
(31, '/Users/amrantchagnao/Desktop/backup_20241226191448.zip', 17800, 21, '2024-12-26 19:14:50.169247'),
(32, '/Users/amrantchagnao/Desktop/backup_20241226191550.zip', 0, 21, '2024-12-26 19:15:51.976311'),
(33, '/Users/amrantchagnao/Desktop/backup_20241228135051.zip', 0, 21, '2024-12-28 13:50:53.282139'),
(34, '/Users/amrantchagnao/Documents/TOSE/softwareprojekt-gruppe-1-2/src/test/java/Backups/backup_20241228150706.zip', 0, 21, '2024-12-28 15:07:08.122162'),
(35, '/Users/amrantchagnao/Documents//backup_20241228163109.zip', 0, 21, '2024-12-28 16:31:12.189317'),
(36, 'VL/backup_20241228181725.zip', 0, 21, '2024-12-28 18:17:27.321631'),
(37, 'VL/backup_20241228181725.zip', 0, 21, '2024-12-28 18:17:27.543982'),
(38, 'VL/backup_20241228181726.zip', 0, 21, '2024-12-28 18:17:27.875749'),
(39, 'VL/backup_20241228181726.zip', 0, 21, '2024-12-28 18:17:28.073918'),
(40, 'VL/backup_20241228181726.zip', 0, 21, '2024-12-28 18:17:28.268060'),
(41, '/backup_20241228181729.zip', 0, 21, '2024-12-28 18:17:30.883174'),
(42, '/backup_20241228181730.zip', 0, 21, '2024-12-28 18:17:31.633663'),
(43, '/backup_20241228181730.zip', 0, 21, '2024-12-28 18:17:31.960510'),
(44, '/backup_20241228181745.zip', 0, 21, '2024-12-28 18:17:46.604084'),
(45, 'VL/backup_20241228181748.zip', 0, 21, '2024-12-28 18:17:50.163390'),
(46, '/backup_20241228181821.zip', 0, 21, '2024-12-28 18:18:22.421847'),
(47, '/backup_20241228181822.zip', 0, 21, '2024-12-28 18:18:23.647782'),
(48, '/backup_20241228181822.zip', 0, 21, '2024-12-28 18:18:23.876604'),
(49, '/backup_20241228181822.zip', 0, 21, '2024-12-28 18:18:24.082608'),
(50, '/backup_20241228181928.zip', 0, 21, '2024-12-28 18:19:29.405077'),
(51, '/backup_20241228182011.zip', 0, 21, '2024-12-28 18:20:13.009567'),
(52, 'Meine Dokumente/backup_20241228182156.zip', 0, 21, '2024-12-28 18:21:57.974943'),
(53, '/Users/user/Desktop/backup_20241228182324.zip', 0, 21, '2024-12-28 18:23:27.433911'),
(54, 'Meine Dokumente/backup_20241228182534.zip', 0, 21, '2024-12-28 18:25:35.629728'),
(55, 'Meine Dokumente/backup_20241228183055.zip', 0, 21, '2024-12-28 18:30:56.891621'),
(56, 'dsfbdbdfgb/backup_20241228183103.zip', 0, 21, '2024-12-28 18:31:04.946152'),
(57, 'dsfbdbdfgb/backup_20241228183241.zip', 0, 21, '2024-12-28 18:32:42.904727'),
(58, 'Meine Dokumente/backup_20241228183256.zip', 0, 21, '2024-12-28 18:32:57.948320'),
(59, '/Users/amrantchagnao/Desktop/backup_20241228183403.zip', 0, 21, '2024-12-28 18:34:05.375992'),
(60, '/Users/amrantchagnao/Desktop/Test3/backup_20241228183733.zip', 0, 21, '2024-12-28 18:37:35.859397'),
(61, '/backup_20241228183940.zip', 0, 21, '2024-12-28 18:39:41.915112'),
(62, 'dvervjernerjovn/backup_20241228183951.zip', 0, 21, '2024-12-28 18:39:52.761400'),
(63, '/Users/user/Desktop/backup_20241228184025.zip', 0, 21, '2024-12-28 18:40:26.748574'),
(64, '/vjhvjhvhvv/backup_20241228184037.zip', 0, 21, '2024-12-28 18:40:39.762375'),
(65, '/Users/amrantchagnao/Desktop/Test3/backup_20241228193306.zip', 0, 21, '2024-12-28 19:33:08.714339'),
(66, '/nfasönfaeoön/backup_20241229144254.zip', 0, 21, '2024-12-29 14:42:56.023840'),
(67, '/backup_20241229144334.zip', 0, 21, '2024-12-29 14:43:36.313838'),
(68, '/Users/amrantchagnao/Desktop/Test/backup_20241229162816.zip', 0, 21, '2024-12-29 16:28:20.278688'),
(69, '/Users/amrantchagnao/Desktop/Test/backup_20241229164857.zip', 0, 21, '2024-12-29 16:49:06.478332'),
(70, '/Users/amrantchagnao/Desktop/Test/backup_20241229170211.zip', 0, 21, '2024-12-29 17:02:15.153318'),
(71, '/Users/amrantchagnao/Desktop/Test3/backup_20241229170414.zip', 0, 21, '2024-12-29 17:04:16.818933'),
(72, '/Users/amrantchagnao/Desktop/Test3/backup_20241229170529.zip', 0, 21, '2024-12-29 17:05:32.226797'),
(73, '/Users/amrantchagnao/Desktop/Test/backup_20241229174240.zip', 0, 21, '2024-12-29 17:42:44.527539'),
(74, '/Users/amrantchagnao/Desktop/Test/20250102145606_gruppe1_database_dump.zip', 0, 21, '2025-01-02 14:57:22.182498'),
(75, '/Users/amrantchagnao/Desktop/Test/2_1_2025_15_32_08_null_database_dump.sql', 0, 21, '2025-01-02 15:33:02.366949'),
(76, '/Users/amrantchagnao/Desktop/Test/2_1_2025_16_07_41_gruppe1_database_dump.zip', 39585, 21, '2025-01-02 16:07:52.364206'),
(77, '/Users/amrantchagnao/Desktop/Test3/5_1_2025_13_50_48_gruppe1_database_dump.zip', 12161, 21, '2025-01-05 13:50:48.794097');
--
-- end table insert : Backup
--

/*!40000 ALTER TABLE `Backup` ENABLE KEYS */;


--
-- start  table dump : Belegungszeiten
--

CREATE TABLE IF NOT EXISTS `Belegungszeiten` (
  `id` bigint NOT NULL AUTO_INCREMENT,
  `raum_id` int DEFAULT NULL,
  `beginn` datetime DEFAULT NULL,
  `ende` datetime DEFAULT NULL,
  `gebucht_von` int DEFAULT NULL,
  `status` enum('bestaetigt','ausstehend','abgesagt') DEFAULT NULL,
  PRIMARY KEY (`id`),
  KEY `gebucht_von` (`gebucht_von`),
  KEY `Belegungszeiten_ibfk_1` (`raum_id`),
  CONSTRAINT `Belegungszeiten_ibfk_1` FOREIGN KEY (`raum_id`) REFERENCES `Raum` (`id`) ON DELETE RESTRICT ON UPDATE RESTRICT,
  CONSTRAINT `Belegungszeiten_ibfk_2` FOREIGN KEY (`gebucht_von`) REFERENCES `Benutzer` (`id`)
) ENGINE=InnoDB DEFAULT CHARSET=utf8mb4 COLLATE=utf8mb4_0900_ai_ci;



--
-- end  table dump : Belegungszeiten
--



--
-- start  table dump : Benutzer
--

CREATE TABLE IF NOT EXISTS `Benutzer` (
  `id` int NOT NULL AUTO_INCREMENT,
  `vorname` varchar(255) DEFAULT NULL,
  `nachname` varchar(255) DEFAULT NULL,
  `email` varchar(255) DEFAULT NULL,
  `passwort` varchar(255) NOT NULL,
  `status` enum('aktiv','passiv','gesperrt') DEFAULT 'passiv',
  `rolle_id` int DEFAULT NULL,
  PRIMARY KEY (`id`),
  UNIQUE KEY `email` (`email`),
  KEY `rolle_id` (`rolle_id`),
  CONSTRAINT `Benutzer_ibfk_1` FOREIGN KEY (`rolle_id`) REFERENCES `Rolle` (`id`)
) ENGINE=InnoDB AUTO_INCREMENT=102 DEFAULT CHARSET=utf8mb4 COLLATE=utf8mb4_0900_ai_ci;



--
-- end  table dump : Benutzer
--


--
-- Inserts of Benutzer
--


/*!40000 ALTER TABLE `Benutzer` DISABLE KEYS */;

--
-- start table insert : Benutzer
--
INSERT INTO `Benutzer`(`id`, `vorname`, `nachname`, `email`, `passwort`, `status`, `rolle_id`) VALUES 
(6, 'Maxx', 'Mustermann', 'max.mustermann@example.com', 'hashed_password_123', 'aktiv', 1),
(7, 'Lisa', 'Meier', 'lisa.meier@example.com', 'hashed_password_456', 'aktiv', 2),
(8, 'John', 'Doe', 'john.doe@example.com', 'hashed_password_789', 'aktiv', 3),
(9, 'Anna', 'Schmidt', 'anna.schmidt@example.com', 'hashed_password_abc', 'aktiv', 1),
(10, 'Tobias', 'Klein', 'tobias.klein@example.com', 'hashed_password_def', 'aktiv', 2),
(19, 'Max', 'Mustermann', 'MaxMustermann@hotmail.com', 'ah12777734$', 'aktiv', 1),
(21, 'Max', 'Mustermann', 'MaxxxMustermann@hotmail.com', '$2a$10$nHho8vl0XbbnbA8hc29f5uYfS5uVkx9b6KSaZhFJ/qj9p7VduYtnu', 'aktiv', 4),
(22, 'Max', 'Mustermann', 'MaxxxxMustermann@hotmail.com', '$2a$10$pftrhfTr9/A67vQW68HKiOcPQVEo72vaNFbGB9xKkYDBzFLfblILG', 'aktiv', 1),
(25, 'Erika', 'Musterfrau', 'erika.musterfrau@example.com', '$2a$10$XpEZNpDlnNG84IsMSMUa7uBRjTw9uGUnyz2WZtrM8yaoPqC8kokD2', null, 2),
(26, 'Emil', 'Mustermann', 'Mustermannn@hotmail.com', '$2a$10$Nf9NZYRD.l551qPIItUhC.6aDlALwBC04qku1Au0GJOphfVVUuXJq', 'aktiv', null),
(37, 'Live', 'Demo', 'livedemo@live.de', '$2a$10$5sVWA9FhN7euFxJrroB0xeDNIRrSdDi8kYYZf0qcKgA8vkytLdDka', null, null),
(43, 'status', 'test', 'test2@test.de', '$2a$10$3vpwDjL61BL7tFgNeyl4E.O4dN1Qq5ztidAh6aGTj1mCUxHRCcbs6', 'passiv', 3),
(44, 'Admin', 'Benutzer', 'adminuser@mail.com', '$2a$10$rdIdKRlc24skyx/ivtAvj.kCtxB4UWJydBfSM/kcj5l9rwxKVI7f6', 'passiv', 1),
(45, 'In', 'Lou', 'mitRolle@mail.com', '$2a$10$i.ChxQezprXvX9HkVHnDae7lZrG1z2Z7az88wFNHpXiCM.1agVPG.', 'aktiv', 4),
(100, 'Amran', 'Daniel', 'amran@daniel.com', '$2a$10$nHho8vl0XbbnbA8hc29f5uYfS5uVkx9b6KSaZhFJ/qj9p7VduYtnu', 'aktiv', 3),
(101, 'Admin1', '2', 'admin@email.com', '$2a$10$nHho8vl0XbbnbA8hc29f5uYfS5uVkx9b6KSaZhFJ/qj9p7VduYtnu', 'aktiv', 1);
--
-- end table insert : Benutzer
--

/*!40000 ALTER TABLE `Benutzer` ENABLE KEYS */;


--
-- start  table dump : Berechtigung
--

CREATE TABLE IF NOT EXISTS `Berechtigung` (
  `id` int NOT NULL AUTO_INCREMENT,
  `name` varchar(255) DEFAULT NULL,
  `beschreibung` varchar(255) DEFAULT NULL,
  PRIMARY KEY (`id`)
) ENGINE=InnoDB AUTO_INCREMENT=3 DEFAULT CHARSET=utf8mb4 COLLATE=utf8mb4_0900_ai_ci;



--
-- end  table dump : Berechtigung
--


--
-- Inserts of Berechtigung
--


/*!40000 ALTER TABLE `Berechtigung` DISABLE KEYS */;

--
-- start table insert : Berechtigung
--
INSERT INTO `Berechtigung`(`id`, `name`, `beschreibung`) VALUES 
(1, 'Raumbuchung', 'Die Berechtigung Räume zu bestimmten Zeiten zu buchen.'),
(2, 'Berechtigung A', 'Beschreibung der Berechtigung A');
--
-- end table insert : Berechtigung
--

/*!40000 ALTER TABLE `Berechtigung` ENABLE KEYS */;


--
-- start  table dump : Buchung
--

CREATE TABLE IF NOT EXISTS `Buchung` (
  `id` bigint NOT NULL AUTO_INCREMENT,
  `raum_id` int DEFAULT NULL,
  `gebucht_von` int DEFAULT NULL,
  `eventtyp` enum('vorlesung','uebung','pruefung','sonstiges') DEFAULT NULL,
  `datum` date DEFAULT NULL,
  `beginn` time DEFAULT NULL,
  `ende` time DEFAULT NULL,
  `betreff` varchar(255) CHARACTER SET utf8mb4 COLLATE utf8mb4_0900_ai_ci DEFAULT NULL,
  PRIMARY KEY (`id`),
  KEY `gebucht_von` (`gebucht_von`),
  KEY `Buchung_ibfk_1` (`raum_id`),
  CONSTRAINT `Buchung_ibfk_1` FOREIGN KEY (`raum_id`) REFERENCES `Raum` (`id`) ON DELETE RESTRICT ON UPDATE RESTRICT,
  CONSTRAINT `Buchung_ibfk_2` FOREIGN KEY (`gebucht_von`) REFERENCES `Benutzer` (`id`)
) ENGINE=InnoDB AUTO_INCREMENT=54 DEFAULT CHARSET=utf8mb4 COLLATE=utf8mb4_0900_ai_ci;



--
-- end  table dump : Buchung
--


--
-- Inserts of Buchung
--


/*!40000 ALTER TABLE `Buchung` DISABLE KEYS */;

--
-- start table insert : Buchung
--
INSERT INTO `Buchung`(`id`, `raum_id`, `gebucht_von`, `eventtyp`, `datum`, `beginn`, `ende`, `betreff`) VALUES 
(10, 5, 44, 'vorlesung', '2025-01-07', '10:00:00', '12:00:00', 'vorlesung'),
(11, 5, 44, 'vorlesung', '2025-01-07', '13:00:00', '15:00:00', 'vorlesung'),
(23, 5, 44, 'vorlesung', '2025-01-08', '12:00:00', '14:00:00', 'vorlesung'),
(31, 5, 21, 'pruefung', '2025-06-03', '10:00:00', '12:00:00', 'pruefung'),
(32, 11, 21, 'vorlesung', '2025-02-05', '15:30:00', '17:30:00', 'vorlesung'),
(34, 24, 21, 'vorlesung', '2025-02-04', '09:00:00', '10:30:00', 'VL_1'),
(35, 10, 21, 'uebung', '2025-03-10', '08:00:00', '09:30:00', 'Übung_Test'),
(40, 6, 21, 'sonstiges', '2025-05-26', '16:00:00', '17:45:00', 'Tutorium'),
(41, 9, 21, 'sonstiges', '2025-02-03', '09:00:00', '11:00:00', 'Seminar_Test'),
(50, 5, 44, 'vorlesung', '2025-01-08', '14:00:00', '16:00:00', 'test'),
(51, 5, 44, 'pruefung', '2025-01-17', '10:00:00', '14:00:00', 'Prüfung ToSe'),
(52, 5, 44, 'vorlesung', '2025-01-10', '14:00:00', '16:00:00', 'tests');
--
-- end table insert : Buchung
--

/*!40000 ALTER TABLE `Buchung` ENABLE KEYS */;


--
-- start  table dump : Gebaeude
--

CREATE TABLE IF NOT EXISTS `Gebaeude` (
  `id` int NOT NULL AUTO_INCREMENT,
  `name` varchar(255) DEFAULT NULL,
  `strasse` varchar(255) DEFAULT NULL,
  `hausnummer` varchar(255) DEFAULT NULL,
  `plz` int DEFAULT NULL,
  `stadt` varchar(255) DEFAULT NULL,
  `land` varchar(255) DEFAULT NULL,
  `schluessel_id` int DEFAULT NULL,
  `verwaltet_von` int DEFAULT NULL,
  PRIMARY KEY (`id`),
  KEY `verwaltet_von` (`verwaltet_von`),
  CONSTRAINT `Gebaeude_ibfk_1` FOREIGN KEY (`verwaltet_von`) REFERENCES `Benutzer` (`id`)
) ENGINE=InnoDB AUTO_INCREMENT=42 DEFAULT CHARSET=utf8mb4 COLLATE=utf8mb4_0900_ai_ci;



--
-- end  table dump : Gebaeude
--


--
-- Inserts of Gebaeude
--


/*!40000 ALTER TABLE `Gebaeude` DISABLE KEYS */;

--
-- start table insert : Gebaeude
--
INSERT INTO `Gebaeude`(`id`, `name`, `strasse`, `hausnummer`, `plz`, `stadt`, `land`, `schluessel_id`, `verwaltet_von`) VALUES 
(1, 'Update test', 'Beispielstraße', '10', 12345, 'Beispielstadt', 'Deutschland', null, 45),
(3, 'Hauptgebäude', 'Musterstraße', '10A', 12345, 'Musterstadt', 'Deutschland', null, 45),
(5, 'Hauptgebäude', 'Musterstraße', '10A', 12345, 'Musterstadt', 'Deutschland', null, 21),
(7, 'Hauptgebäude', 'Musterstraße', '10A', 12345, 'Musterstadt', 'Deutschland', null, 21),
(8, 'Hauptgebäude', 'Musterstraße', '10A', 12345, 'Musterstadt', 'Deutschland', null, null),
(9, 'Hauptgebäude', 'Beispielstraße', '12A', 12345, 'Musterstadt', 'Deutschland', null, 21),
(20, 'Hauptgebäude', 'Beispielstraße', '12A', 12345, 'Musterstadt', 'Deutschland', null, null),
(21, 'Hauptgebäude', 'Beispielstraße', '12A', 12345, 'Musterstadt', 'Deutschland', null, null),
(29, 'Building 2', 'Main Street', '124', 12345, 'City Name', 'Country Name', null, null),
(30, 'Building 2', 'Main Street', '124', 12345, 'City Name', 'Country Name', null, null),
(31, 'Building 2', 'Main Street', '124', 12345, 'City Name', 'Country Name', null, null),
(32, 'Building 2', 'Main Street', '124', 12345, 'City Name', 'Country Name', null, null),
(33, 'Hauptgebäude', 'Beispielstraße', '12A', 12345, 'Musterstadt', 'Deutschland', null, null),
(36, 'Building 1', 'Main Street', '123', 12345, 'City Name', 'Country Name', null, null),
(39, 'Protokoll', 'Schmarn', '18', 59802, 'Memmingen', 'Deutschland', null, 21),
(40, 'Jonas Emperium', 'Innstraße', '44', 94032, 'Passau', 'Deutschland', null, 21),
(41, 'WiWi', 'Innstraße', '33', 94032, 'Passau', 'Deutschland', null, 45);
--
-- end table insert : Gebaeude
--

/*!40000 ALTER TABLE `Gebaeude` ENABLE KEYS */;


--
-- start  table dump : LogEintrag
--

CREATE TABLE IF NOT EXISTS `LogEintrag` (
  `id` bigint NOT NULL AUTO_INCREMENT,
  `benutzer_id` int DEFAULT NULL,
  `aktion` varchar(255) DEFAULT NULL,
  `zeitstempel` datetime DEFAULT NULL,
  `details` varchar(255) DEFAULT NULL,
  PRIMARY KEY (`id`),
  KEY `benutzer_id` (`benutzer_id`),
  CONSTRAINT `LogEintrag_ibfk_1` FOREIGN KEY (`benutzer_id`) REFERENCES `Benutzer` (`id`)
) ENGINE=InnoDB AUTO_INCREMENT=21 DEFAULT CHARSET=utf8mb4 COLLATE=utf8mb4_0900_ai_ci;



--
-- end  table dump : LogEintrag
--


--
-- Inserts of LogEintrag
--


/*!40000 ALTER TABLE `LogEintrag` DISABLE KEYS */;

--
-- start table insert : LogEintrag
--
INSERT INTO `LogEintrag`(`id`, `benutzer_id`, `aktion`, `zeitstempel`, `details`) VALUES 
(1, 44, 'Raum anlegen', '2024-12-22 11:16:32', 'Funktion getestet'),
(2, 43, 'Login', '2025-01-03 14:26:06', 'erfolgreich'),
(3, 44, 'Login', '2025-01-04 14:44:22', 'erfolgreich'),
(4, 44, 'Login', '2025-01-05 11:00:20', 'erfolgreich'),
(5, 44, 'Login', '2025-01-05 11:45:47', 'erfolgreich'),
(6, 44, 'Login', '2025-01-05 11:48:35', 'erfolgreich'),
(7, 44, 'Login', '2025-01-05 12:48:26', 'erfolgreich'),
(8, 37, 'Login', '2025-01-05 12:49:25', 'erfolgreich'),
(9, 44, 'Login', '2025-01-05 12:49:35', 'erfolgreich'),
(10, 21, 'Backup erstellt', '2025-01-05 13:51:16', 'Ein Backup wurde von undefined undefined erstellt.'),
(11, 21, 'Fehler beim Backup erstellen', '2025-01-05 15:32:28', 'Beim Erstellen eines Backups von Max Mustermann ist ein Fehler aufgetreten: Verzeichnis existiert nicht'),
(12, 21, 'Fehler beim Backup erstellen', '2025-01-05 16:42:12', 'Beim Erstellen eines Backups von Max Mustermann ist ein Fehler aufgetreten: Verzeichnis existiert nicht'),
(13, 44, 'Login', '2025-01-05 18:19:12', 'erfolgreich'),
(14, 44, 'Login', '2025-01-05 18:19:12', 'erfolgreich'),
(15, 21, 'Ausstattung bearbeitet', '2025-01-05 19:00:24', 'Die Ausstattung des Raums Besprechungsraum wurde bearbeitet.'),
(16, 21, 'Ausstattung bearbeitet', '2025-01-05 19:11:47', 'Die Ausstattung des Raums Besprechungsraum wurde bearbeitet.'),
(17, 21, 'Gebäude erstellt', '2025-01-05 19:14:19', 'Gebäude Protokoll wurde erstellt.'),
(18, 21, 'Belegungsplan gedruckt', '2025-01-06 13:22:21', 'Belegungsplan für Raum Unbekannter Raum wurde gedruckt.'),
(19, 21, 'Buchung fehlgeschlagen', '2025-01-06 13:51:42', 'Die Buchung für Raum undefined ist fehlgeschlagen.'),
(20, 21, 'Buchung fehlgeschlagen', '2025-01-06 13:51:53', 'Die Buchung für Raum undefined ist fehlgeschlagen.');
--
-- end table insert : LogEintrag
--

/*!40000 ALTER TABLE `LogEintrag` ENABLE KEYS */;


--
-- start  table dump : LoginSession
--

CREATE TABLE IF NOT EXISTS `LoginSession` (
  `id` bigint NOT NULL AUTO_INCREMENT,
  `benutzer_id` int DEFAULT NULL,
  `login_zeit` datetime DEFAULT NULL,
  `logout_zeit` datetime DEFAULT NULL,
  `session_token` varchar(255) DEFAULT NULL,
  PRIMARY KEY (`id`),
  KEY `benutzer_id` (`benutzer_id`),
  CONSTRAINT `LoginSession_ibfk_1` FOREIGN KEY (`benutzer_id`) REFERENCES `Benutzer` (`id`)
) ENGINE=InnoDB AUTO_INCREMENT=211 DEFAULT CHARSET=utf8mb4 COLLATE=utf8mb4_0900_ai_ci;



--
-- end  table dump : LoginSession
--


--
-- Inserts of LoginSession
--


/*!40000 ALTER TABLE `LoginSession` DISABLE KEYS */;

--
-- start table insert : LoginSession
--
INSERT INTO `LoginSession`(`id`, `benutzer_id`, `login_zeit`, `logout_zeit`, `session_token`) VALUES 
(22, 21, '2024-12-12 18:01:42', null, '71a82184-10fd-4486-885a-41536dbe5d8e'),
(23, 21, '2024-12-12 19:20:54', null, '28dce0c4-9817-43b9-b03a-7dd8569d1343'),
(24, 21, '2024-12-13 14:19:45', null, '18a59b6a-613f-464b-a16d-c1909afb832a'),
(25, 21, '2024-12-13 14:32:54', null, '43a85726-242e-4f82-ba4d-d75272d0fa69'),
(26, 21, '2024-12-13 16:15:47', null, '3c15aa05-3bfc-49a4-9620-6f073782f4cf'),
(27, 21, '2024-12-13 20:07:13', null, 'c3a635d6-a6a8-487c-8541-059c9d25cea9'),
(28, 21, '2024-12-13 20:09:13', null, '2ee7d512-a086-4749-8ed0-2748f22d226d'),
(29, 21, '2024-12-13 20:14:04', null, 'a34099c7-98a3-4b69-9c8f-7de56806617b'),
(30, 25, '2024-12-14 10:47:49', null, '757d9cbe-64eb-478d-af95-1e2e223710ab'),
(31, 25, '2024-12-14 10:57:21', null, '48e69ae2-4cce-4d29-8ef8-7f21e396d3cb'),
(32, 25, '2024-12-14 11:42:22', null, '23f2c9d7-6ac4-4d3b-ac89-0003aa8178a0'),
(33, 21, '2024-12-14 21:01:05', null, '1bd12217-5ce9-4ca2-bd10-7b18ca3967cd'),
(34, 25, '2024-12-15 09:54:26', null, 'cc711d6b-7dd3-4d4c-a16a-70e837eefcb0'),
(35, 25, '2024-12-15 18:07:55', null, '0065f7b1-ea30-4682-98ce-c8a609e5c843'),
(39, 21, '2024-12-16 11:58:28', null, '23007bed-75bd-4b1e-8eb5-f6e96508a0cd'),
(41, 21, '2024-12-16 16:56:43', null, '769413f7-b902-4ec5-abba-8885b2f1a8f4'),
(42, 21, '2024-12-16 17:54:17', null, '5514c293-4f37-4329-9636-46f7d061144f'),
(45, 21, '2024-12-18 19:44:32', null, '51992078-4f6c-42cc-9965-8524b4ea6591'),
(46, 21, '2024-12-19 09:32:17', null, '47991091-1a0c-48ce-9b1a-c267efbe3ef1'),
(47, 21, '2024-12-19 10:09:53', null, 'a9e61ad8-8444-4314-91e3-a89149ec4551'),
(48, 21, '2024-12-19 14:33:32', null, 'ab9f2187-7ff3-472c-96e7-385163d9a8bd'),
(49, 21, '2024-12-19 15:21:04', null, 'bb647beb-395c-4706-a5c3-610c52d5d777'),
(50, 21, '2024-12-19 16:22:23', null, '93af2daa-d118-4a37-9218-d351f1b243e1'),
(51, 21, '2024-12-19 17:10:14', null, 'ce0f653a-e595-4b39-a9bd-56aea401c068'),
(52, 21, '2024-12-20 09:38:33', null, 'c42ec9de-8878-4a26-84a7-cdec89869463'),
(57, 37, '2024-12-20 11:14:18', null, 'f9d1e40c-4a03-45db-9c17-87bb929e63c6'),
(58, 37, '2024-12-20 11:17:21', null, '17f40e67-2216-45a6-a6f3-c38b0b639963'),
(59, 21, '2024-12-20 12:06:28', null, '43819725-de61-46bc-9983-bff0c5a0048c'),
(60, 37, '2024-12-20 13:02:26', null, '74efd1c8-66db-4815-968e-de7831378754'),
(61, 21, '2024-12-20 15:29:07', null, '0e0b2df1-e6ee-45e0-87ff-f829a09beb34'),
(62, 21, '2024-12-21 10:14:00', null, 'c33115b4-d93f-4126-8a42-6d9ee26397c3'),
(63, 21, '2024-12-21 10:14:34', null, '1514111e-9c6c-4b3f-b80e-b680a4f02cf4'),
(64, 21, '2024-12-21 11:06:10', null, '09389617-b233-4b37-a703-9f4ed7a1628c'),
(65, 37, '2024-12-21 11:10:54', null, '33cebb06-fd99-41bc-8140-e678f1cd9e26'),
(66, 44, '2024-12-21 11:18:03', null, 'd967c23f-eec3-4360-a976-9ea70a0dd35e'),
(67, 37, '2024-12-21 11:34:58', null, 'e503f877-6a95-4c80-9a82-425bc1f222f2'),
(68, 44, '2024-12-21 11:46:37', null, '064d7151-40c9-47cc-9bcb-899103367815'),
(69, 21, '2024-12-21 16:20:46', null, '89d97157-232d-4979-8524-db24d91c5b5a'),
(70, 21, '2024-12-22 08:12:09', null, '88ea874c-61ae-468c-bb21-f3a5dbe67711'),
(71, 21, '2024-12-22 08:12:37', null, 'ce652d24-911f-4214-ab81-ff933c5e76b4'),
(72, 21, '2024-12-22 08:18:04', null, 'cb4978fa-aa5e-4897-9dcf-0d063e40f2b7'),
(73, 21, '2024-12-22 08:39:56', null, '41140e4b-a62d-4a98-a636-778553d080f8'),
(74, 21, '2024-12-22 08:45:23', null, 'af973df8-d3f1-4216-afe4-9cc82a534eaa'),
(75, 21, '2024-12-22 08:58:11', null, '1cacbe6b-b64c-4eb9-bfc9-6ace577a44e9'),
(76, 44, '2024-12-22 11:08:45', null, '3d0ea70f-4cc2-4173-af1b-1d89767e5172'),
(77, 21, '2024-12-22 21:57:35', null, '674e044e-e483-4226-8579-cefc403b56e2'),
(78, 21, '2024-12-22 21:58:27', null, '349eee90-4fa3-4670-994e-5e71186f1c82'),
(79, 44, '2024-12-26 10:39:49', null, '1894eb84-b060-41ea-9ceb-5b750058a2eb'),
(80, 44, '2024-12-26 12:13:03', null, '52744b2c-7c1f-4914-a588-974eb7c37d66'),
(81, 44, '2024-12-26 16:07:21', null, '7558e500-a1d5-44e6-aa81-1f648defbe34'),
(82, 21, '2024-12-26 16:17:25', null, '021aa14b-9084-41a3-af7f-b4e2cfcec003'),
(83, 21, '2024-12-26 16:17:41', null, '716f0ba8-afd7-42df-be49-edc5b455be77'),
(84, 21, '2024-12-26 16:18:12', null, '31244039-5b69-4e17-842c-a9068dfc58a1'),
(85, 21, '2024-12-26 16:19:14', null, '5d4fa8ab-075f-45cf-84a4-ac762594bdb6'),
(86, 21, '2024-12-26 16:20:12', null, '75b95c55-d1d2-4a6a-94f8-b47e7ad8bebc'),
(87, 44, '2024-12-27 10:29:13', null, '03ecd2a0-8652-4e10-9b0c-9a04ce498820'),
(88, 44, '2024-12-27 10:29:45', null, '8b3b3424-fdf1-48ca-8283-aa299e3c079d'),
(89, 44, '2024-12-27 10:35:47', null, 'c3094c33-4c24-41e1-ad99-b182cecf41e2'),
(90, 21, '2024-12-28 07:37:12', null, '87688901-41eb-4096-8088-d45cbccad226'),
(91, 21, '2024-12-28 07:52:27', null, '013e503d-47fb-46fb-84e0-61dd9d580e4a'),
(92, 21, '2024-12-28 08:24:24', null, 'a8abdad1-8886-4def-943b-33714f7e26d9'),
(93, 44, '2024-12-28 11:11:03', null, 'f5eb55e5-e145-4e59-b5dd-36e09e107486'),
(94, 21, '2024-12-28 14:33:25', null, 'd72045ea-9530-4d19-8724-84692af88586'),
(95, 21, '2024-12-28 14:38:52', null, '84ad65a9-47c9-4434-a786-4d7d9b1f9c18'),
(96, 21, '2024-12-28 16:57:13', null, '54c6f8a9-c701-4d32-89a7-494241e9f4bb'),
(97, 21, '2024-12-28 17:11:47', null, '6b5316ae-52f3-45bd-a10f-9f27ca39dc3a'),
(98, 21, '2024-12-28 17:38:11', null, '4e62e18c-a4c4-4c8d-9b9a-3bd9a259dce3'),
(99, 21, '2024-12-28 18:17:42', null, '12e5c65c-f4aa-4b4a-bb54-f5480cc2b3a3'),
(100, 21, '2024-12-28 19:10:42', null, '708e1faa-b7fe-44ba-a1db-18b211b86030'),
(101, 21, '2024-12-28 19:11:06', null, 'd4a0aa51-fe90-4968-b3f3-d8bb59622978'),
(102, 44, '2024-12-29 11:20:57', null, '5f206c11-e144-45ea-8000-a451be30b3d4'),
(103, 44, '2024-12-30 10:53:55', null, 'e8033986-0ea8-4eef-818f-0317b30ac064'),
(104, 44, '2024-12-30 14:50:36', null, '0cc201ac-97c2-4243-8004-d2db0e186ecd'),
(105, 21, '2024-12-30 19:23:53', null, 'a9af0d75-9e88-48aa-8bb5-a70e1b767d17'),
(106, 21, '2024-12-30 19:25:38', null, '9f77751f-1ab5-47de-95d8-af9cf9981c2b'),
(107, 21, '2024-12-30 19:30:28', null, '6593f4ab-0394-465f-9e0e-173b93a08c06'),
(108, 21, '2024-12-30 21:06:35', null, 'b306dcfe-24af-4ed3-ab16-9adb82b1b0f4'),
(109, 21, '2024-12-30 21:06:38', null, '3a0dde42-bf19-400f-98d8-e218c20ba7b6'),
(110, 21, '2024-12-30 21:06:47', null, '68c27cc4-2c72-4922-ad27-a6b2ad99893c'),
(111, 21, '2024-12-30 21:07:24', null, '7bfbdd0e-90b8-41f7-9a27-a05065379659'),
(112, 21, '2024-12-30 21:07:29', null, '5a016fe5-321b-484b-bde2-669a5cdaeeb9'),
(113, 21, '2024-12-30 21:07:44', null, 'dbda61f9-8c9f-48f1-b030-aafa765a1bb7'),
(114, 21, '2024-12-30 21:09:18', null, '073f7dd2-2e0e-44cb-84a3-9f9ab1a946d7'),
(115, 21, '2024-12-30 21:09:38', null, '6aab5ac0-6eb9-4948-89c2-165aaee19d7c'),
(116, 21, '2024-12-30 21:15:35', null, '648516f6-34b1-43d2-b492-21c28fe01bfe'),
(117, 21, '2024-12-30 21:17:39', null, '02be77d7-cb7e-4eb4-947f-259a17adc599'),
(118, 21, '2024-12-30 21:17:52', null, 'cbd1a577-b065-41b4-b28d-720477917098'),
(119, 21, '2024-12-30 21:19:31', null, 'ccea0cb8-6ad8-4d11-9d9f-43e5ef9270aa'),
(120, 21, '2024-12-30 21:20:04', null, 'f43f3524-ca57-45ef-a314-bb9ef3236029'),
(121, 21, '2024-12-30 21:20:14', null, '8acb1bde-350a-4a7a-a5c3-c68ecee1ce0f'),
(122, 21, '2024-12-30 21:20:46', null, 'fcfb3dbc-4d6e-4fdf-b328-f222ec3df049'),
(123, 21, '2024-12-30 21:21:16', null, '02324943-27f2-4705-b9ec-c7523f38f7fc'),
(124, 21, '2024-12-30 21:21:43', null, 'f8b18fca-c41b-4780-9196-5f3712bb959f'),
(125, 21, '2024-12-31 08:31:59', null, 'dd3db75d-d643-463a-9032-dd1570c7e6b7'),
(126, 44, '2024-12-31 11:08:43', null, 'a2da4eaa-e596-4a88-a455-c76e5cc8b2d9'),
(127, 21, '2024-12-31 14:20:33', null, '3abd5806-7808-49fb-87d6-394088176fad'),
(128, 100, '2024-12-31 14:34:48', null, '69d10eb7-c074-431a-9a7b-cca8346880f1'),
(129, 21, '2024-12-31 15:46:54', null, '50113600-bab8-4a73-898d-f58af9461186'),
(130, 21, '2024-12-31 16:07:48', null, 'f6a20386-cd8a-4843-b1da-b7ccfbf8016a'),
(131, 21, '2025-01-01 12:28:02', null, '5729e423-47e2-450e-ab16-ae6b65c74a52'),
(132, 21, '2025-01-01 12:33:20', null, '791e56c0-5891-4acd-8ef8-3c887bc253ee'),
(133, 21, '2025-01-01 12:46:00', null, 'e9d2b65d-cd3b-41f1-b3a5-579f8cda88b9'),
(134, 21, '2025-01-01 12:46:09', null, 'bc368adf-0323-43cc-99bb-ab4c23c3bbf5'),
(135, 21, '2025-01-01 13:24:57', null, '3169e4e6-2894-407f-aff1-7118fa29db57'),
(136, 21, '2025-01-01 13:58:05', null, '66f86dd0-96ea-4a5a-8d99-12958eea9d1c'),
(137, 21, '2025-01-01 13:58:05', null, 'b7bf5718-8ca2-4ab4-b3dd-648341d92d10'),
(138, 21, '2025-01-01 14:02:59', null, '099ecfb9-b3ac-4a53-83b0-ad3d7cfd5fb1'),
(139, 21, '2025-01-01 14:39:18', null, '338c2884-600e-4618-9856-8425463de0c4'),
(140, 21, '2025-01-02 03:14:36', null, '4beb0b78-2743-42ad-9f5a-4f578859bb85'),
(141, 21, '2025-01-02 11:27:38', null, 'b4e58d23-9158-4af5-a60a-4be1b57e9843'),
(142, 21, '2025-01-02 11:27:42', null, 'fc8025e1-7e51-44c1-9b69-10de11b6f3a2'),
(143, 21, '2025-01-02 11:27:53', null, 'fcfea28f-6e60-4cc2-aea1-7c58144ccdb0'),
(144, 21, '2025-01-02 11:28:02', null, 'e1d04310-2c7f-4c1a-bf33-c4919fe38801'),
(145, 21, '2025-01-02 22:02:19', null, '6f643385-68a6-465c-9bb2-e79e839901f4'),
(146, 44, '2025-01-02 22:25:11', null, '893a897a-c868-43d4-ae12-4b416cf57152'),
(147, 21, '2025-01-02 22:25:03', null, '16fe53c8-9cd4-4535-b7ba-02b17aaced3a'),
(148, 44, '2025-01-03 11:00:10', null, 'a4f38f5e-d017-4128-a2fe-1799f5495a01'),
(149, 44, '2025-01-03 12:50:40', null, 'b1484102-9cfb-44ea-ba74-d74b56bbf1b1'),
(150, 43, '2025-01-03 14:26:06', null, '63a95f27-19f5-4633-8efc-195e9ca304db'),
(151, 21, '2025-01-04 13:35:34', null, 'c2ee2406-45c8-44d5-b02e-18908e9dc5f5'),
(152, 44, '2025-01-04 14:44:21', null, 'ca34803a-fdb4-487e-9191-8730b76d928a'),
(153, 21, '2025-01-04 14:49:01', null, 'e151266d-a43c-44e4-a9aa-e349955b1aa7'),
(154, 21, '2025-01-04 16:04:47', null, '87e765b4-8e4f-47ff-8875-edb24f093878'),
(155, 21, '2025-01-04 16:04:47', null, '47ca2f22-cbcc-40c6-b11f-a8e549bb4617'),
(156, 21, '2025-01-04 17:02:06', null, '3ef79c98-620b-4e93-ae9b-0aa4d098e474'),
(157, 21, '2025-01-04 17:18:11', null, '268845b7-f890-4830-9f6b-f61c60325187'),
(158, 21, '2025-01-04 17:38:40', null, '7ab5fa6a-164a-46ff-a6f6-b0e9a363bab5'),
(159, 21, '2025-01-04 17:57:55', null, '70867807-c4b8-41b4-8a87-d54ea4442113'),
(160, 21, '2025-01-04 18:47:21', null, 'fbccc995-11f1-4304-9edb-a389677ca1e0'),
(161, 21, '2025-01-04 19:09:06', null, '812f972f-fb26-4a09-a093-8eeed98801dd'),
(162, 21, '2025-01-04 19:10:21', null, '893155b8-acf5-4487-8ca4-c1aa168f398f'),
(163, 21, '2025-01-04 21:42:59', null, 'd4e13f12-b04b-43a6-8801-4f256304ff1f'),
(164, 21, '2025-01-04 21:47:42', null, 'aeec37eb-0f4a-4687-9923-d9fc2e768c8e'),
(165, 21, '2025-01-04 21:55:46', null, '52033f6a-6f43-43f8-9956-2068abc0ff2b'),
(166, 21, '2025-01-04 22:00:36', null, '831f165b-5f0c-46d4-8388-85be3bec179f'),
(167, 21, '2025-01-04 22:22:37', null, '325aacb1-0fa4-4f4f-b837-924ce9cd8fa4'),
(168, 21, '2025-01-04 22:32:08', null, 'f1c99ec4-8f33-4cca-9adc-41d0ed26d2da'),
(169, 21, '2025-01-04 22:53:07', null, 'b74c0380-97b0-4737-8a6d-7918b4007a3e'),
(170, 21, '2025-01-05 00:05:43', null, 'e9bb1a0f-ac44-4b27-a0b3-c430b95bf157'),
(171, 21, '2025-01-05 01:10:04', null, '9e3e637f-c010-4ef2-a8b0-fcd48c5570bd'),
(172, 21, '2025-01-05 01:14:38', null, '415fcdd6-42f4-4fd0-a174-6a4df66ce2cb'),
(173, 21, '2025-01-05 01:14:38', null, '40ba36e1-7a48-4efe-b525-217b04533de2'),
(174, 21, '2025-01-05 01:29:42', null, '305dc84d-0167-4c72-9f9c-b9d6cfb888f4'),
(175, 21, '2025-01-05 01:29:51', null, '05947a83-8f16-466f-bd8d-c06bc149df64'),
(176, 21, '2025-01-05 01:39:51', null, '5745086f-5184-47bf-aaf7-d9d1819cea4e'),
(177, 21, '2025-01-05 02:08:56', null, '85fca8f6-2916-481b-9b86-637d55e9d6b8'),
(178, 21, '2025-01-05 02:09:13', null, '9bdc0253-e1f3-4293-be65-73c64549e8e1'),
(179, 21, '2025-01-05 02:14:02', null, '248a3d8c-470c-4a63-ba2e-35145d0b7217'),
(180, 21, '2025-01-05 02:16:42', null, 'd81e1666-c4c8-47a2-846b-41844452d764'),
(181, 21, '2025-01-05 07:50:20', null, '7ef91b45-8ca6-4441-877d-c3feec79354c'),
(182, 21, '2025-01-05 09:09:01', null, 'c367992c-e77f-4888-a9a8-eb1e5ef8cdce'),
(183, 21, '2025-01-05 09:32:20', null, '0a378c14-0ab1-4e48-bbca-b95c03986b9b'),
(184, 44, '2025-01-05 11:00:19', null, 'f606e8b6-d468-413f-95ab-5e361c79ed6d'),
(185, 21, '2025-01-05 11:14:51', null, '3f1162b7-5411-4fbf-b62c-a8af2da10506'),
(186, 44, '2025-01-05 11:45:46', null, '6a70a607-6a70-4d4f-8e3e-0b196a8da4b9'),
(187, 44, '2025-01-05 11:48:35', null, '01296f95-34af-4142-b18c-bb405954e6ae'),
(188, 21, '2025-01-05 12:09:43', null, '7fc0a5f0-75c8-413f-8442-db811f7a19e7'),
(189, 21, '2025-01-05 12:46:36', null, '3a3f1430-0157-49d2-920e-d08115627084'),
(190, 44, '2025-01-05 12:48:26', null, 'fd078e73-f19c-4d37-b994-d8c251356dea'),
(191, 37, '2025-01-05 12:49:25', null, '7a7be10c-e888-47ab-b6d8-67c0f36e81a5'),
(192, 44, '2025-01-05 12:49:35', null, '46891bea-cb2d-4ad8-a58a-3ebe5834e529'),
(193, 21, '2025-01-05 13:14:56', null, '03ef70d8-fee3-43bf-ae4e-b4eec852596c'),
(194, 21, '2025-01-05 13:16:09', null, '8a0e38b9-5437-4c6b-a2b8-77d6a2463cd3'),
(195, 21, '2025-01-05 13:38:44', null, '83d8b7d8-673d-4993-bc09-521b4f140854'),
(196, 21, '2025-01-05 13:38:45', null, '4ebd5967-797d-48c3-9b9f-848186af1231'),
(197, 21, '2025-01-05 13:38:45', null, '5e1a6fe3-b8e4-4891-8659-f8f9745a0e22'),
(198, 21, '2025-01-05 13:38:46', null, '4bae1639-b258-4cea-b575-dc258587c0a3'),
(199, 21, '2025-01-05 13:38:46', null, '47ca1be0-3562-405d-9934-6c405e8de1c7'),
(200, 21, '2025-01-05 13:38:46', null, 'b5e40936-8803-4789-9a89-46e91a324bff'),
(201, 21, '2025-01-05 13:38:47', null, '594a8e67-952d-4870-8576-92a1c5d30b28'),
(202, 21, '2025-01-05 13:38:47', null, 'befd1c3c-2d79-4814-8a70-89fa09b803ef'),
(203, 21, '2025-01-05 13:52:26', null, '774e37f0-6be2-442f-a93c-b42c7fb8db31'),
(204, 21, '2025-01-05 14:17:31', null, '938ff19d-be2c-4813-a1b8-d35c8b5961fe'),
(205, 21, '2025-01-05 14:35:56', null, '240aab06-7a39-4064-ad1e-fdb83c3ea74b'),
(206, 21, '2025-01-05 15:22:08', null, '9e69e8a0-0db1-40e8-91e2-b2eb916489b8'),
(207, 21, '2025-01-05 17:44:09', null, '2da028f5-b9b0-4e22-8c93-31d5a5ca5f3a'),
(208, 44, '2025-01-05 18:19:11', null, '0f313247-1b50-4bcb-99ee-414f9eaaa5f5'),
(209, 44, '2025-01-05 18:19:11', null, '0691fe32-9d20-4613-916e-c8a173b45b1a'),
(210, 101, '2025-01-06 12:43:42', null, 'cf0f9d11-daf2-44b6-b325-ee12b650c391');
--
-- end table insert : LoginSession
--

/*!40000 ALTER TABLE `LoginSession` ENABLE KEYS */;


--
-- start  table dump : Oeffnungszeiten
--

CREATE TABLE IF NOT EXISTS `Oeffnungszeiten` (
  `id` bigint NOT NULL AUTO_INCREMENT,
  `gebaeude_id` int DEFAULT NULL,
  `tag` enum('Mo','Di','Mi','Do','Fr','Sa','So') DEFAULT NULL,
  `oeffnungszeit` time DEFAULT NULL,
  `schliesszeit` time DEFAULT NULL,
  `erstellt_von` int DEFAULT NULL,
  `letzte_aenderung` timestamp NULL DEFAULT NULL,
  PRIMARY KEY (`id`),
  KEY `erstellt_von` (`erstellt_von`),
  KEY `Oeffnungszeiten_ibfk_1` (`gebaeude_id`),
  CONSTRAINT `Oeffnungszeiten_ibfk_1` FOREIGN KEY (`gebaeude_id`) REFERENCES `Gebaeude` (`id`) ON DELETE RESTRICT ON UPDATE RESTRICT,
  CONSTRAINT `Oeffnungszeiten_ibfk_2` FOREIGN KEY (`erstellt_von`) REFERENCES `Benutzer` (`id`)
) ENGINE=InnoDB AUTO_INCREMENT=21 DEFAULT CHARSET=utf8mb4 COLLATE=utf8mb4_0900_ai_ci;



--
-- end  table dump : Oeffnungszeiten
--


--
-- Inserts of Oeffnungszeiten
--


/*!40000 ALTER TABLE `Oeffnungszeiten` DISABLE KEYS */;

--
-- start table insert : Oeffnungszeiten
--
INSERT INTO `Oeffnungszeiten`(`id`, `gebaeude_id`, `tag`, `oeffnungszeit`, `schliesszeit`, `erstellt_von`, `letzte_aenderung`) VALUES 
(17, 1, 'Mo', '08:00:00', '20:00:00', null, '2025-01-04 14:47:42'),
(18, 1, 'Sa', '08:00:00', '19:00:00', null, '2025-01-04 14:47:43'),
(19, 5, 'Mo', '08:00:00', '20:00:00', null, '2025-01-04 14:59:26'),
(20, 3, 'Mo', '08:00:00', '20:00:00', null, '2025-01-04 15:00:40');
--
-- end table insert : Oeffnungszeiten
--

/*!40000 ALTER TABLE `Oeffnungszeiten` ENABLE KEYS */;


--
-- start  table dump : Raum
--

CREATE TABLE IF NOT EXISTS `Raum` (
  `id` int NOT NULL AUTO_INCREMENT,
  `gebaeude_id` int DEFAULT NULL,
  `name` varchar(100) NOT NULL,
  `kapazitaet` int DEFAULT NULL,
  `raumtyp` varchar(255) DEFAULT NULL,
  `groesse` double NOT NULL,
  `schluessel_id` int DEFAULT NULL,
  PRIMARY KEY (`id`),
  KEY `Raum_ibfk_1` (`gebaeude_id`),
  CONSTRAINT `Raum_ibfk_1` FOREIGN KEY (`gebaeude_id`) REFERENCES `Gebaeude` (`id`)
) ENGINE=InnoDB AUTO_INCREMENT=43 DEFAULT CHARSET=utf8mb4 COLLATE=utf8mb4_0900_ai_ci;



--
-- end  table dump : Raum
--


--
-- Inserts of Raum
--


/*!40000 ALTER TABLE `Raum` DISABLE KEYS */;

--
-- start table insert : Raum
--
INSERT INTO `Raum`(`id`, `gebaeude_id`, `name`, `kapazitaet`, `raumtyp`, `groesse`, `schluessel_id`) VALUES 
(5, 3, 'Seminarraum K', 35, 'Besprechungsraum', 20.0, null),
(6, 3, 'Seminarraum H', 35, 'Besprechungsraum', 20.0, null),
(9, 1, 'Besprechungsraum', 30, 'Seminarraum', 50.0, null),
(10, 5, 'Besprechungsraum', 30, 'Seminarraum', 50.0, null),
(11, 1, 'Seminarraum', 25, 'Seminar', 51.0, null),
(13, 1, 'Seminarraum', 25, 'Seminar', 51.0, null),
(24, 1, 'Audimax', 630, 'HÖRSAAL', 380.0, null),
(32, 1, 'Besprechungsraum Daniel ', 35, 'BESPRECHUNGSRAUM', 140.0, null),
(33, 1, 'Jonas Spielzimmer', 420, 'HÖRSAAL', 69.0, null);
--
-- end table insert : Raum
--

/*!40000 ALTER TABLE `Raum` ENABLE KEYS */;


--
-- start  table dump : Rolle
--

CREATE TABLE IF NOT EXISTS `Rolle` (
  `id` int NOT NULL,
  `name` varchar(255) DEFAULT NULL,
  `beschreibung` varchar(255) DEFAULT NULL,
  PRIMARY KEY (`id`)
) ENGINE=InnoDB DEFAULT CHARSET=utf8mb4 COLLATE=utf8mb4_0900_ai_ci;



--
-- end  table dump : Rolle
--


--
-- Inserts of Rolle
--


/*!40000 ALTER TABLE `Rolle` DISABLE KEYS */;

--
-- start table insert : Rolle
--
INSERT INTO `Rolle`(`id`, `name`, `beschreibung`) VALUES 
(1, 'Admin', null),
(2, 'Verwaltungsmitarbeitende', null),
(3, 'Lehrende', null),
(4, 'Facility Manager', null);
--
-- end table insert : Rolle
--

/*!40000 ALTER TABLE `Rolle` ENABLE KEYS */;


--
-- start  table dump : Rolle_Berechtigung
--

CREATE TABLE IF NOT EXISTS `Rolle_Berechtigung` (
  `rolle_id` int NOT NULL AUTO_INCREMENT,
  `berechtigung_id` int DEFAULT NULL,
  KEY `Rolle_Berechtigung_ibfk_1` (`rolle_id`),
  KEY `Rolle_Berechtigung_ibfk_2` (`berechtigung_id`),
  CONSTRAINT `Rolle_Berechtigung_ibfk_1` FOREIGN KEY (`rolle_id`) REFERENCES `Rolle` (`id`),
  CONSTRAINT `Rolle_Berechtigung_ibfk_2` FOREIGN KEY (`berechtigung_id`) REFERENCES `Berechtigung` (`id`) ON DELETE RESTRICT ON UPDATE RESTRICT
) ENGINE=InnoDB DEFAULT CHARSET=utf8mb4 COLLATE=utf8mb4_0900_ai_ci;



--
-- end  table dump : Rolle_Berechtigung
--



--
-- start  table dump : Schluessel
--

CREATE TABLE IF NOT EXISTS `Schluessel` (
  `id` int NOT NULL AUTO_INCREMENT,
  `vergeben_an` int DEFAULT NULL,
  `status` enum('beantragt','vergeben','verloren') DEFAULT NULL,
  PRIMARY KEY (`id`),
  KEY `vergeben_an` (`vergeben_an`),
  CONSTRAINT `Schluessel_ibfk_1` FOREIGN KEY (`vergeben_an`) REFERENCES `Benutzer` (`id`)
) ENGINE=InnoDB DEFAULT CHARSET=utf8mb4 COLLATE=utf8mb4_0900_ai_ci;



--
-- end  table dump : Schluessel
--



--
-- start  table dump : ServiceTicket
--

CREATE TABLE IF NOT EXISTS `ServiceTicket` (
  `id` int NOT NULL AUTO_INCREMENT,
  `zustaendiger` int DEFAULT NULL,
  `ausstattung_ID` int DEFAULT NULL,
  `erstellt_Von` int DEFAULT NULL,
  `grund` enum('beschaedigt','fehlt') CHARACTER SET utf8mb4 COLLATE utf8mb4_0900_ai_ci DEFAULT NULL,
  `beschreibung` varchar(255) DEFAULT NULL,
  `datumErstellt` datetime DEFAULT NULL,
  `status` enum('offen','in_bearbeitung','geschlossen') CHARACTER SET utf8mb4 COLLATE utf8mb4_0900_ai_ci DEFAULT NULL,
  `prioritaet` enum('hoch','mittel','niedrig') DEFAULT NULL,
  `betreff` varchar(255) CHARACTER SET utf8mb4 COLLATE utf8mb4_0900_ai_ci DEFAULT NULL,
  PRIMARY KEY (`id`),
  KEY `zustaendiger` (`zustaendiger`),
  KEY `ausstattungid` (`ausstattung_ID`) USING BTREE,
  KEY `erstelltVon` (`erstellt_Von`) USING BTREE,
  CONSTRAINT `ServiceTicket_ibfk_1` FOREIGN KEY (`zustaendiger`) REFERENCES `Benutzer` (`id`),
  CONSTRAINT `ServiceTicket_ibfk_2` FOREIGN KEY (`ausstattung_ID`) REFERENCES `Ausstattung` (`id`) ON DELETE RESTRICT ON UPDATE RESTRICT,
  CONSTRAINT `ServiceTicket_ibfk_3` FOREIGN KEY (`erstellt_Von`) REFERENCES `Benutzer` (`id`)
) ENGINE=InnoDB AUTO_INCREMENT=10 DEFAULT CHARSET=utf8mb4 COLLATE=utf8mb4_0900_ai_ci;



--
-- end  table dump : ServiceTicket
--


--
-- Inserts of ServiceTicket
--


/*!40000 ALTER TABLE `ServiceTicket` DISABLE KEYS */;

--
-- start table insert : ServiceTicket
--
INSERT INTO `ServiceTicket`(`id`, `zustaendiger`, `ausstattung_ID`, `erstellt_Von`, `grund`, `beschreibung`, `datumErstellt`, `status`, `prioritaet`, `betreff`) VALUES 
(1, 10, 28, 6, 'beschaedigt', 'man kann nicht mehr reinschreien', '2024-12-21 16:52:25', 'offen', 'hoch', 'leider kaputt'),
(2, 21, 24, 19, 'beschaedigt', 'nunj', '2024-12-22 21:24:41', 'offen', 'mittel', 'kaputt'),
(3, 21, 28, 19, 'beschaedigt', 'man kann nichtmehr reinschreien', '2024-12-22 21:42:34', 'offen', 'hoch', 'kaputt'),
(4, 21, 37, 19, 'fehlt', 'test', '2024-12-24 00:25:40', 'offen', 'niedrig', 'test'),
(5, 21, 24, 19, 'fehlt', 'testets', '2024-12-26 15:36:15', 'offen', 'niedrig', 'test'),
(6, 21, 39, 19, 'beschaedigt', 'test', '2024-12-26 16:37:24', 'offen', 'niedrig', 'test'),
(7, 21, 24, 19, 'beschaedigt', 'hallo test', '2024-12-28 08:57:47', 'offen', 'mittel', 'Test'),
(8, 21, 39, 21, 'beschaedigt', 'Sorry', '2024-12-31 15:01:04', 'offen', 'mittel', 'Weihnachtsbaum kaputt'),
(9, 45, 39, 21, 'beschaedigt', 'Zweite Weihnachtsbaum auch Kaputt', '2024-12-31 15:06:32', 'offen', 'niedrig', 'Auch Kaputt');
--
-- end table insert : ServiceTicket
--

/*!40000 ALTER TABLE `ServiceTicket` ENABLE KEYS */;

/*!40101 SET SQL_MODE=IFNULL(@OLD_SQL_MODE, '') */;
/*!40014 SET FOREIGN_KEY_CHECKS=IF(@OLD_FOREIGN_KEY_CHECKS IS NULL, 1, @OLD_FOREIGN_KEY_CHECKS) */;
/*!40101 SET CHARACTER_SET_CLIENT=@OLD_CHARACTER_SET_CLIENT */;